insert into data_linkedmessages(name, "group") values 
('GREETING','greeting'),
('RULES','rules'),
('ROOMS','rooms'),
('ROOM','room'),
('GAME_WAITING','game-waiting'),
('GAME','game'),
('THROW_DICE','throw_dice'),
('SELECT_PLACE','select_place'),
('ACCUSE_PERSON','accuse_person'),
('ACCUSE_WEAPON','accuse_weapon'),
('CONFIRM_ACCUSE','confirm_accuse'),
('CHECK_SUSPICTION','check_suspiction'),
('CHECK_ACCUSE','check_accuse')
;


insert into data_message(name, text_content, media_name, "group", "order", actions) values
('010-greeting',
 'Вот как ботает бот:
правила игры можно посмотреть по кнопке "Правила"
Для каждого экрана игры есть подсказки
Чтобы играть, нужно выбрать комнату для игры (кнопка "Комнаты")
В комнате может быть не более 6 игроков.
После достижения 6 игроков в составе комнаты игрок не может быть добавлен в комнату',
 '010-greeting.jpg', 
 'greeting', 
 10, 
 '{"R0:C0":{"type":"button", "name":"Дальше", "action":"next"}, "R1:C0":{"type":"button", "name":"Правила", "action":"to_rules"}, "R2:C0":{"type":"button", "name":"К комнатам", "action":"to_rooms"}, "R3:C0":{"type":"button", "name":"Выход", "action":"to_exit"}}'),
('020-greeting',
 'Чтобы начать игру в своей комнате, каждый игрок комнаты должен нажать кнопку "Начать игру". 
 На время игры доступ в комнату прекращается. 
 Всем игрокам, входящим в состав комнаты будет прислан набор сообщений, содержащий более-менее полную информацию об их текущей игре.',
 '020-greeting.jpg', 
 'greeting', 
 20, 
 '{"R0:C0":{"type":"button", "name":"Сюда", "action":"prev"}, "R0:C1":{"type":"button", "name":"Туда", "action":"next"}, "R0:C2":{"type":"button", "name":"В начало", "action":"home"}, "R1:C0":{"type":"button", "name":"Правила", "action":"to_rules"}, "R2:C0":{"type":"button", "name":"К комнатам", "action":"to_rooms"}, "R3:C0":{"type":"button", "name":"Выход", "action":"to_exit"}}'),
('030-greeting',
 'Во время игры бот будет писать вам сообщения, в которых содержится информация о ходе игры(такая как: какой игрок о чем спросил, кто ему ответил, кто обвинял и так далее), на некоторые сообщения вам надо будет отвечать, для этого надо нажать на одну из предложенных кнопок(зависит от момента игры)',
 '030-greeting.jpg', 
 'greeting', 
 30, 
 '{"R0:C0":{"type":"button", "name":"Сюда", "action":"prev"}, "R0:C1":{"type":"button", "name":"Туда", "action":"next"}, "R0:C2":{"type":"button", "name":"В начало", "action":"home"}, "R1:C0":{"type":"button", "name":"Правила", "action":"to_rules"}, "R2:C0":{"type":"button", "name":"К комнатам", "action":"to_rooms"}, "R3:C0":{"type":"button", "name":"Выход", "action":"to_exit"}}'),
('040-greeting',
 'Если в течении 10 минут после регистрации в комнате первого игрока игра не началась - комната освобождается, все игроки удаляются\nЕсли в течении 2 часов игра не завершена, комната освобождается',
 '040-greeting.jpg', 
 'greeting', 
 40, 
 '{"R0:C0":{"type":"button", "name":"Сюда", "action":"prev"}, "R0:C2":{"type":"button", "name":"В начало", "action":"home"}, "R1:C0":{"type":"button", "name":"Правила", "action":"to_rules"}, "R2:C0":{"type":"button", "name":"К комнатам", "action":"to_rooms"}, "R3:C0":{"type":"button", "name":"Выход", "action":"to_exit"}}'),
('010-rules', 
 'В начале игры из каждой колоды вытягивают наугад по одной карте и кладут в «скандальный конверт». Эти три карты и являются ответом вопрос игры. 
 Остальные карты перемешиваются и раздаются игрокам. 
 Каждому из игроков достается случайный персонаж, очередность ходов определяется случайным образом.',
 '010-rules.jpg', 
 'rules', 
 10, 
 '{"R0:C0":{"type":"button", "name":"Дальше", "action":"next"}, "R0:C1":{"type":"button", "name":"К стартовому меню", "action":"to_greeting"},  "R1:C0":{"type":"button", "name":"К комнатам", "action":"to_rooms"}, "R2:C0":{"type":"button", "name":"Выход", "action":"to_exit"}}'),
('020-rules', 
 'Определив начинающего, игроки поочерёдно бросают два кубика и двигают свои фишки в любую из достжимых комнат. 
 В любой комнате игрок имеет право заявить о своем подозрении, назвав по одной карте из колод персонажей, в таком случае этот персонаж перемещается в комнату, в которой задается вопрос, и орудия убийства.',
 '020-rules.jpg', 
 'rules', 
 20, 
 '{"R0:C0":{"type":"button", "name":"Сюда", "action":"prev"}, "R0:C1":{"type":"button", "name":"Туда", "action":"next"}, "R0:C2":{"type":"button", "name":"В начало", "action":"home"}, "R1:C0":{"type":"button", "name":"К стартовому меню", "action":"to_greeting"}, "R2:C0":{"type":"button", "name":"К комнатам", "action":"to_rooms"}, "R3:C0":{"type":"button", "name":"Выход", "action":"to_exit"}}'),
 ('030-rules', 
 'После заявления о подозрении первый слева от заявлявшего игрок может опровергнуть подозрение, предъявив, скрытно от других, одну и только одну из имеющихся у него карт, если она упоминалась среди «подозрительных».',
 '030-rules.jpg', 
 'rules', 
 30, 
 '{"R0:C0":{"type":"button", "name":"Сюда", "action":"prev"}, "R0:C1":{"type":"button", "name":"Туда", "action":"next"}, "R0:C2":{"type":"button", "name":"В начало", "action":"home"}, "R1:C0":{"type":"button", "name":"К стартовому меню", "action":"to_greeting"}, "R2:C0":{"type":"button", "name":"К комнатам", "action":"to_rooms"}, "R3:C0":{"type":"button", "name":"Выход", "action":"to_exit"}}'),
 ('040-rules', 
 'Если у первого игрока слева никаких оправдательных карт нет, право оправдать подозреваемого переходит к следующему по часовой стрелке игроку, пока не дойдёт до заявлявшего, на чём его ход завершается. 
 Разумеется, первое же опровержение, заканчивает цепочку ответов.',
 '040-rules.jpg', 
 'rules', 
 40, 
 '{"R0:C0":{"type":"button", "name":"Сюда", "action":"prev"}, "R0:C1":{"type":"button", "name":"Туда", "action":"next"}, "R0:C2":{"type":"button", "name":"В начало", "action":"home"}, "R1:C0":{"type":"button", "name":"К стартовому меню", "action":"to_greeting"}, "R2:C0":{"type":"button", "name":"К комнатам", "action":"to_rooms"}, "R3:C0":{"type":"button", "name":"Выход", "action":"to_exit"}}'),
 ('050-rules', 
 'Игрок, считающий, что знает ответ(кто, где и чем совершил убийство), как один из вариантов своего хода, может совершить обвинение. 
 Для этого Игрок называет карты, которые, по его(её) мнению являются ответом, и в тайне от других смотрит правильный ответ. 
 Если Игрок правильно назвал весь ответ, то игра заканчивается, этот играть объявляется победителем, и всем показывается ответ. 
 Если же в ответе была ошибка, то Игрок выбывает из игры, то есть не может больше передвигаться и задавать вопросы, но обязан по-прежнему отвечать на вопросы(как если он еще играет).',
 '050-rules.jpg', 
 'rules', 
 50, 
 '{"R0:C0":{"type":"button", "name":"Сюда", "action":"prev"}, "R0:C1":{"type":"button", "name":"Туда", "action":"next"}, "R0:C2":{"type":"button", "name":"В начало", "action":"home"}, "R1:C0":{"type":"button", "name":"К стартовому меню", "action":"to_greeting"}, "R2:C0":{"type":"button", "name":"К комнатам", "action":"to_rooms"}, "R3:C0":{"type":"button", "name":"Выход", "action":"to_exit"}}'),
 ('060-rules', 
 'Примечание:
 В нашей версии игры невозможно(или мы так только считаем) сделать неправильный(невозможный) ход или соврать при ответе на вопрос. 
 Поэтому, если вы смогли сделать что-то такое, просим сообщить это администрации игры(@geroin3352)',
 '060-rules.jpg', 
 'rules', 
 60, 
 '{"R0:C0":{"type":"button", "name":"Сюда", "action":"prev"}, "R0:C1":{"type":"button", "name":"В начало", "action":"home"}, "R0:C2":{"type":"button", "name":"К стартовому меню", "action":"to_greeting"}, "R1:C0":{"type":"button", "name":"К комнатам", "action":"to_rooms"}, "R2:C0":{"type":"button", "name":"Выход", "action":"to_exit"}}'),
 ('010-rooms', 
 'Выберите комнату для игры',
 '010-rooms.jpg', 
 'rooms', 
 10, 
 '{"R0:C0":{"type":"button", "name":"К стартовому меню", "action":"to_greeting"}, "R0:C1":{"type":"button", "name":"К правилам", "action":"to_rules"}}'),
('010-room', 
 'Нажав кнопку СТАРТ ты сообщаешь игре, что готов играть. Игра начнется как только все другие игроки в этой комнате нажмут кнопку СТАРТ',
 '010-room.jpg', 
 'room', 
 10, 
 ''),
('010-game-waiting', 
 'Ожидание других участников игры',
 '010-game_waiting.jpg', 
 'game-waiting', 
 10, 
 '{"R0:C0":{"type":"button", "name":"Прервать ожидание", "action":"to_room"}}'),
('010-game', 
 '',
 '010-game.jpg', 
 'game', 
 10, 
 '{"R0:C0":{"type":"button", "name":"Скрыть состояние", "action":"hide_state"},"R0:C1":{"type":"button", "name":"Прервать игру", "action":"to_room"}}'),
 ('020-game', 
 '',
 '020-game.jpg', 
 'game', 
 20, 
 '{"R0:C0":{"type":"button", "name":"Показать состояние", "action":"show_state"},"R0:C1":{"type":"button", "name":"Прервать игру", "action":"to_room"}}'),
('010-throw-dice', 
 '',
 '010-throw-dice.jpg', 
 'throw_dice', 
 10, 
 '{"R0:C0":{"type":"button", "name":"Скрыть состояние", "action":"hide_state"},"R0:C1":{"type":"button", "name":"Прервать игру", "action":"to_room"}}'),
 ('020-throw-dice', 
 '',
 '020-throw-dice.jpg', 
 'throw_dice', 
 20, 
 '{"R0:C0":{"type":"button", "name":"Показать состояние", "action":"show_state"},"R0:C1":{"type":"button", "name":"Прервать игру", "action":"to_room"}}'),
('010-select-place', 
 '',
 '010-select-place.jpg', 
 'select_place', 
 10, 
 '{"R0:C0":{"type":"button", "name":"Скрыть состояние", "action":"hide_state"},"R0:C1":{"type":"button", "name":"Прервать игру", "action":"to_room"}}'),
 ('020-select-place', 
 '',
 '020-select-place.jpg', 
 'select_place', 
 20, 
 '{"R0:C0":{"type":"button", "name":"Показать состояние", "action":"show_state"},"R0:C1":{"type":"button", "name":"Прервать игру", "action":"to_room"}}'),
('010-accuse-person', 
 '',
 '010-accuse-person.jpg', 
 'accuse_person', 
 10, 
 '{"R0:C0":{"type":"button", "name":"Скрыть состояние", "action":"hide_state"},"R0:C1":{"type":"button", "name":"Прервать игру", "action":"to_room"}}'),
('010-accuse-person', 
 '',
 '010-accuse-person.jpg', 
 'accuse_person', 
 20, 
 '{"R0:C0":{"type":"button", "name":"Показать состояние", "action":"show_state"},"R0:C1":{"type":"button", "name":"Прервать игру", "action":"to_room"}}'),
('010-accuse-weapon', 
 '',
 '010-accuse-weapon.jpg', 
 'accuse_weapon', 
 10, 
 '{"R0:C0":{"type":"button", "name":"Скрыть состояние", "action":"hide_state"},"R0:C1":{"type":"button", "name":"Прервать игру", "action":"to_room"}}'),
 ('020-accuse-weapon', 
 '',
 '020-accuse-weapon.jpg', 
 'accuse_weapon', 
 20, 
 '{"R0:C0":{"type":"button", "name":"Показать состояние", "action":"show_state"},"R0:C1":{"type":"button", "name":"Прервать игру", "action":"to_room"}}'),
('010-confirm-accuse', 
 '',
 '010-confirm-accuse.jpg', 
 'confirm_accuse', 
 10, 
 '{"R0:C0":{"type":"button", "name":"Скрыть состояние", "action":"hide_state"},"R0:C1":{"type":"button", "name":"Прервать игру", "action":"to_room"}}'),
 ('020-confirm-accuse', 
 '',
 '020-confirm-accuse.jpg', 
 'confirm_accuse', 
 20, 
 '{"R0:C0":{"type":"button", "name":"Показать состояние", "action":"show_state"},"R0:C1":{"type":"button", "name":"Прервать игру", "action":"to_room"}}'),
('010-check-suspiction', 
 '',
 '010-check-suspiction.jpg', 
 'check_suspiction', 
 10, 
 '{"R0:C0":{"type":"button", "name":"Скрыть состояние", "action":"hide_state"},"R0:C1":{"type":"button", "name":"Прервать игру", "action":"to_room"}}'),
 ('020-check-suspiction', 
 '',
 '020-check-suspiction.jpg', 
 'check_suspiction', 
 20, 
 '{"R0:C0":{"type":"button", "name":"Показать состояние", "action":"show_state"},"R0:C1":{"type":"button", "name":"Прервать игру", "action":"to_room"}}'),
('010-check-accuse', 
 '',
 '010-check-accuse.jpg', 
 'check_accuse', 
 10, 
 '{"R0:C0":{"type":"button", "name":"Скрыть состояние", "action":"hide_state"},"R0:C1":{"type":"button", "name":"Прервать игру", "action":"to_room"}}'),
 ('020-check-accuse', 
 '',
 '020-check-accuse.jpg', 
 'check_accuse', 
 20, 
 '{"R0:C0":{"type":"button", "name":"Показать состояние", "action":"show_state"},"R0:C1":{"type":"button", "name":"Прервать игру", "action":"to_room"}}')
 ;


 
insert into data_cluedoroom(id, name) values (1, 'Классика'), (2, 'Мальчик, который выжил'), (3, 'В одной богом забытой галактике...'), (4, 'Джонс и Ко'), (5, 'Друзья') ;

insert into data_cluedoperson(name, room_id) values 
('Мисс Краснуха', 1), ('Профессор Сливкин', 1), ('Леди Павлин', 1), ('Мистер Зеленски', 1), ('Полковник Горчица', 1), ('Миссис Бледная', 1),
('Драко Малфой', 2), ('Беллатрикс Лестрейндж', 2), ('Долорес Амбридж', 2), ('Питер Петтгрю', 2), ('Гриндевальд', 2), ('Крэбб и Гойл', 2),
('Дарт Вейдер', 3), ('Хан Соло', 3), ('Учитель Йода', 3), ('Оби-Ван Кеноби', 3), ('Люк Скайуокер', 3), ('Принцесса Лея', 3),
('Инди', 4), ('Хан Соло', 4), ('Рик Декард', 4), ('Доктор Ричард Кимбл', 4), ('Джон Бук', 4), ('Полковник Графф', 4),
('Джо', 5), ('Чендлер', 5), ('Моника', 5), ('Рейчел', 5), ('Фиби', 5), ('Росс', 5);

insert into data_cluedoplace(name, room_id) values 
('на кухне', 1), ('в бальном зале', 1), ('в консерватории', 1), ('в бильярдной', 1), ('в библиотеке', 1), ('в спортзале', 1), ('в комнате отдыха', 1), ('в зале', 1), ('в столовой', 1),  
('в совятне', 2), ('в зале трофеев', 2), ('в библиотеке', 2), ('в классе ДАДА', 2), ('в Большом зале', 2), ('в госпитальном крыле', 2), ('в Комнате требований', 2), ('в классе зелий', 2), ('в зале гаданий', 2),  
('на Набу', 3), ('на Татуине', 3), ('на Корусанте', 3), ('на Альдераане', 3), ('на Явине 4', 3), ('на Камино', 3), ('на Кореллии', 3), ('на Дантуине', 3), ('на Кесселе', 3),  
('в Египте', 4), ('в Храме Судьбы', 4), ('в Александретте', 4), ('в Лос Анджелесе', 4), ('в округе Ланкастер', 4), ('в Чикаго', 4), ('давным давно в далекой-калекой галактике...', 4), ('на Эросе', 4), ('на Лузитании', 4),  
('в квартире Рейчел', 5), ('в квартире Джо', 5), ('в квартире с голым мужиком', 5), ('в кофейне Перк', 5), ('в квартире Фиби', 5), ('в библиотеке', 5), ('в аудитории', 5), ('в коридоре', 5), ('в офисе агента Джо', 5);

insert into data_cluedoweapon(name, room_id) values 
('подсвечником', 1), ('кинжалом', 1), ('свинцовой трубой', 1), ('из револьвера', 1), ('веревкой', 1), ('гаечным ключом', 1),
('Летучемышиным сглазом', 2), ('Оглушантусом', 2), ('Остолбенителем', 2), ('Круциатусом', 2), ('Уби-вантусом', 2), ('своим Загадочным очарованием', 2),
('световым мечом', 3), ('из бластера', 3), ('термальным детонатором', 3), ('протонной торпедой', 3), ('из дробовика', 3), ('из боукастера', 3),
('хлыстом', 4), ('из дробовика', 4), ('из бластера', 4), ('из пистолета', 4), ('самолетом', 4), ('маленьким ребенком', 4),
('шутками Чендлера', 5), ('песнями Фиби', 5), ('простотой Джо', 5), ('стряпней Моники', 5), ('занудством Росса', 5), ('тупостью Рэйчел', 5);

